{"mean":{"confidence_interval":{"confidence_level":0.95,"lower_bound":-0.04321037011498101,"upper_bound":0.0021630911391362626},"point_estimate":-0.01930451580574888,"standard_error":0.011551028079783143},"median":{"confidence_interval":{"confidence_level":0.95,"lower_bound":-0.013666173754320221,"upper_bound":0.013054529179009178},"point_estimate":0.0017428289108281092,"standard_error":0.0068093471906942185}}