{"mean":{"confidence_interval":{"confidence_level":0.95,"lower_bound":-0.04079653682028392,"upper_bound":0.03696673465783135},"point_estimate":-9.48790123367349e-6,"standard_error":0.019869084402955185},"median":{"confidence_interval":{"confidence_level":0.95,"lower_bound":-0.03463575435268415,"upper_bound":0.034681144368946024},"point_estimate":-0.002333119665076544,"standard_error":0.01782065246106785}}