{"mean":{"confidence_interval":{"confidence_level":0.95,"lower_bound":-0.15531607725856064,"upper_bound":0.00988885208833732},"point_estimate":-0.07431665937079135,"standard_error":0.04223716671978611},"median":{"confidence_interval":{"confidence_level":0.95,"lower_bound":-0.0002478675825980936,"upper_bound":0.06545337971705532},"point_estimate":0.03247326761999214,"standard_error":0.0178566462172308}}