{"mean":{"confidence_interval":{"confidence_level":0.95,"lower_bound":-0.050042491781253085,"upper_bound":-0.04289386352262256},"point_estimate":-0.04648210694520882,"standard_error":0.0018468762691356297},"median":{"confidence_interval":{"confidence_level":0.95,"lower_bound":-0.04695472026326748,"upper_bound":-0.04564291067795767},"point_estimate":-0.046232466630198865,"standard_error":0.00033963700211301967}}