{"mean":{"confidence_interval":{"confidence_level":0.95,"lower_bound":-0.00003411933942379375,"upper_bound":0.000034129138081423463},"point_estimate":-9.332275952012026e-9,"standard_error":0.000017421770656722494},"median":{"confidence_interval":{"confidence_level":0.95,"lower_bound":-0.00007032858461941682,"upper_bound":0.00006870212797505104},"point_estimate":1.641484130843196e-6,"standard_error":0.00003761745303629194}}