{"mean":{"confidence_interval":{"confidence_level":0.95,"lower_bound":-0.14185720223619722,"upper_bound":0.02352618832079371},"point_estimate":-0.06061543837812644,"standard_error":0.042191708127819826},"median":{"confidence_interval":{"confidence_level":0.95,"lower_bound":-0.010925976420063876,"upper_bound":0.06201716941935276},"point_estimate":0.020497351803884678,"standard_error":0.01895652900625808}}