{"mean":{"confidence_interval":{"confidence_level":0.95,"lower_bound":13.958591943284645,"upper_bound":13.975864242670266},"point_estimate":13.96695600363565,"standard_error":0.004431712381717444},"median":{"confidence_interval":{"confidence_level":0.95,"lower_bound":13.953784133853697,"upper_bound":13.98016640348335},"point_estimate":13.962698884201668,"standard_error":0.008104941346561147}}