{"mean":{"confidence_interval":{"confidence_level":0.95,"lower_bound":10001503900.0,"upper_bound":10002407280.0},"point_estimate":10001952280.0,"standard_error":232534.31462291596},"median":{"confidence_interval":{"confidence_level":0.95,"lower_bound":10001256100.0,"upper_bound":10002598050.0},"point_estimate":10002022700.0,"standard_error":273237.13921799377},"median_abs_dev":{"confidence_interval":{"confidence_level":0.95,"lower_bound":98222.24825620651,"upper_bound":1515217.1730995178},"point_estimate":693856.7876815796,"standard_error":429819.36654240615},"slope":null,"std_dev":{"confidence_interval":{"confidence_level":0.95,"lower_bound":441707.8331758323,"upper_bound":973577.1543571409},"point_estimate":775923.6858236912,"standard_error":139081.62335569342}}