{"mean":{"confidence_interval":{"confidence_level":0.95,"lower_bound":-0.005927800449095779,"upper_bound":0.0021726274467943557},"point_estimate":-0.0016831106741423962,"standard_error":0.002055212351074044},"median":{"confidence_interval":{"confidence_level":0.95,"lower_bound":-0.002373907070757575,"upper_bound":-0.001195107872232204},"point_estimate":-0.001633668377279851,"standard_error":0.00031087128885924593}}