{"mean":{"confidence_interval":{"confidence_level":0.95,"lower_bound":-0.03225617015280857,"upper_bound":0.08892340697370679},"point_estimate":0.028189789944855548,"standard_error":0.030910904979779434},"median":{"confidence_interval":{"confidence_level":0.95,"lower_bound":0.047436160167689694,"upper_bound":0.104195268179485},"point_estimate":0.07382945525054896,"standard_error":0.015204648196729812}}