{"mean":{"confidence_interval":{"confidence_level":0.95,"lower_bound":-0.0017578164659203673,"upper_bound":0.12576902317267527},"point_estimate":0.0639229854625718,"standard_error":0.03259019802120023},"median":{"confidence_interval":{"confidence_level":0.95,"lower_bound":0.07565483486386704,"upper_bound":0.13149024084047767},"point_estimate":0.1050383243899522,"standard_error":0.014847412988683875}}