{"mean":{"confidence_interval":{"confidence_level":0.95,"lower_bound":3001272329.25,"upper_bound":9002537545.75},"point_estimate":6001931580.0,"standard_error":1548520996.959023},"median":{"confidence_interval":{"confidence_level":0.95,"lower_bound":775100.0,"upper_bound":10003073650.0},"point_estimate":10001714350.0,"standard_error":3824828345.672114},"median_abs_dev":{"confidence_interval":{"confidence_level":0.95,"lower_bound":103707.86815881729,"upper_bound":7414470904.086828},"point_estimate":2780986.900627613,"standard_error":2966652296.3422074},"slope":null,"std_dev":{"confidence_interval":{"confidence_level":0.95,"lower_bound":3162892413.4484706,"upper_bound":5271711538.25368},"point_estimate":5164986517.857649,"standard_error":621756323.1491597}}