{"mean":{"confidence_interval":{"confidence_level":0.95,"lower_bound":30002757679.375,"upper_bound":30004048708.125},"point_estimate":30003398975.0,"standard_error":330652.3642703798},"median":{"confidence_interval":{"confidence_level":0.95,"lower_bound":30002158700.0,"upper_bound":30004626800.0},"point_estimate":30003385300.0,"standard_error":714043.741244018},"median_abs_dev":{"confidence_interval":{"confidence_level":0.95,"lower_bound":756719.0265655518,"upper_bound":2443324.7566223145},"point_estimate":1908106.1661243439,"standard_error":441071.06318077794},"slope":null,"std_dev":{"confidence_interval":{"confidence_level":0.95,"lower_bound":1184550.2945177765,"upper_bound":1741033.6593991034},"point_estimate":1518703.113246368,"standard_error":141596.90663721054}}