{"mean":{"confidence_interval":{"confidence_level":0.95,"lower_bound":0.07491176675180472,"upper_bound":0.2579030827265297},"point_estimate":0.1536996677672009,"standard_error":0.04589573189846951},"median":{"confidence_interval":{"confidence_level":0.95,"lower_bound":0.03499731032368403,"upper_bound":0.06737536705937956},"point_estimate":0.050135197584205704,"standard_error":0.007811534280802342}}