{"mean":{"confidence_interval":{"confidence_level":0.95,"lower_bound":-0.018942559099550692,"upper_bound":-0.008623489432725104},"point_estimate":-0.013185456080527791,"standard_error":0.0026602038993506147},"median":{"confidence_interval":{"confidence_level":0.95,"lower_bound":-0.01069682913160741,"upper_bound":-0.00971811536950995},"point_estimate":-0.010090655231060341,"standard_error":0.00025060728951621685}}