{"mean":{"confidence_interval":{"confidence_level":0.95,"lower_bound":0.17346417013812568,"upper_bound":0.3331804951681794},"point_estimate":0.24794095333842514,"standard_error":0.04072205662397462},"median":{"confidence_interval":{"confidence_level":0.95,"lower_bound":0.14448447580534124,"upper_bound":0.23500750715403007},"point_estimate":0.18937347669575777,"standard_error":0.022576151543941946}}