{"mean":{"confidence_interval":{"confidence_level":0.95,"lower_bound":0.00188928855057779,"upper_bound":0.013422278185275685},"point_estimate":0.007715185681160586,"standard_error":0.002917007345740905},"median":{"confidence_interval":{"confidence_level":0.95,"lower_bound":0.0057535463890938665,"upper_bound":0.008090692810432},"point_estimate":0.0072897129373892255,"standard_error":0.0005868392315662637}}