{"mean":{"confidence_interval":{"confidence_level":0.95,"lower_bound":-0.0962606602221758,"upper_bound":-0.003976669785686153},"point_estimate":-0.048904544591808596,"standard_error":0.02347929105961844},"median":{"confidence_interval":{"confidence_level":0.95,"lower_bound":-0.002315755237733752,"upper_bound":0.03339468062385542},"point_estimate":0.012614603336298158,"standard_error":0.008826086171805123}}