{"mean":{"confidence_interval":{"confidence_level":0.95,"lower_bound":30002378448.375,"upper_bound":30004089775.875},"point_estimate":30003117570.0,"standard_error":441067.3571362552},"median":{"confidence_interval":{"confidence_level":0.95,"lower_bound":30002305250.0,"upper_bound":30003378800.0},"point_estimate":30002694950.0,"standard_error":293540.8650748337},"median_abs_dev":{"confidence_interval":{"confidence_level":0.95,"lower_bound":464572.7017521858,"upper_bound":2003289.0844345093},"point_estimate":1202240.3186559677,"standard_error":423127.4146950266},"slope":null,"std_dev":{"confidence_interval":{"confidence_level":0.95,"lower_bound":844553.4021467771,"upper_bound":3072472.6510597933},"point_estimate":2031988.65182803,"standard_error":669487.3131743796}}