{"mean":{"confidence_interval":{"confidence_level":0.95,"lower_bound":558563.7500000006,"upper_bound":33010550.0},"point_estimate":14970860.0,"standard_error":8183051.124132651},"median":{"confidence_interval":{"confidence_level":0.95,"lower_bound":439650.0,"upper_bound":26790950.0},"point_estimate":602450.0,"standard_error":7280165.791062303},"median_abs_dev":{"confidence_interval":{"confidence_level":0.95,"lower_bound":58117.91896820068,"upper_bound":38725437.18248606},"point_estimate":259677.38538980484,"standard_error":8702178.08310548},"slope":null,"std_dev":{"confidence_interval":{"confidence_level":0.95,"lower_bound":124845.38925006463,"upper_bound":36601028.561110444},"point_estimate":27215163.28524719,"standard_error":8765792.029366378}}