{"mean":{"confidence_interval":{"confidence_level":0.95,"lower_bound":28.84155635464912,"upper_bound":28.908428467829648},"point_estimate":28.875012117378105,"standard_error":0.017148545427234457},"median":{"confidence_interval":{"confidence_level":0.95,"lower_bound":28.824770100383944,"upper_bound":28.92519350578151},"point_estimate":28.86977687340039,"standard_error":0.02828494178616672}}