{"mean":{"confidence_interval":{"confidence_level":0.95,"lower_bound":-0.34219456912592777,"upper_bound":-0.06247353786716645},"point_estimate":-0.21129204865414597,"standard_error":0.07168743384893728},"median":{"confidence_interval":{"confidence_level":0.95,"lower_bound":-0.010048956679142185,"upper_bound":0.13523088543576134},"point_estimate":0.06052205603951477,"standard_error":0.03772838180676844}}