{"mean":{"confidence_interval":{"confidence_level":0.95,"lower_bound":-0.07003856454567603,"upper_bound":-0.028373273240104333},"point_estimate":-0.046652098109826956,"standard_error":0.010698004361298363},"median":{"confidence_interval":{"confidence_level":0.95,"lower_bound":-0.028887883174132933,"upper_bound":-0.02173899180269523},"point_estimate":-0.024891817484620327,"standard_error":0.0017679483689922817}}