{"mean":{"confidence_interval":{"confidence_level":0.95,"lower_bound":-0.028002470345407943,"upper_bound":0.09026830850958319},"point_estimate":0.03164218684038822,"standard_error":0.030150821578160365},"median":{"confidence_interval":{"confidence_level":0.95,"lower_bound":-0.021905427607939787,"upper_bound":0.030280163164437823},"point_estimate":0.007563084504227824,"standard_error":0.013295179372047303}}