{"mean":{"confidence_interval":{"confidence_level":0.95,"lower_bound":1726774.3048076932,"upper_bound":1768156.6923076934},"point_estimate":1746898.0,"standard_error":10535.262599381638},"median":{"confidence_interval":{"confidence_level":0.95,"lower_bound":1707367.3076923077,"upper_bound":1739005.7692307692},"point_estimate":1725703.846153846,"standard_error":8499.416625273705},"median_abs_dev":{"confidence_interval":{"confidence_level":0.95,"lower_bound":69340.06030742936,"upper_bound":112238.5203150602},"point_estimate":93420.90526452419,"standard_error":11059.118337173082},"slope":null,"std_dev":{"confidence_interval":{"confidence_level":0.95,"lower_bound":88073.3899525882,"upper_bound":120189.40238113406},"point_estimate":105426.31784736608,"standard_error":8175.245535720255}}