{"mean":{"confidence_interval":{"confidence_level":0.95,"lower_bound":-0.2821755299960083,"upper_bound":-0.15317320541157842},"point_estimate":-0.21905194289709362,"standard_error":0.03296139493497647},"median":{"confidence_interval":{"confidence_level":0.95,"lower_bound":-0.24589338559566187,"upper_bound":-0.08686046447392348},"point_estimate":-0.16025210575603333,"standard_error":0.04165593312231999}}