{"mean":{"confidence_interval":{"confidence_level":0.95,"lower_bound":-0.0053782629276843495,"upper_bound":0.09705303049889462},"point_estimate":0.04366606695232589,"standard_error":0.02594032488953807},"median":{"confidence_interval":{"confidence_level":0.95,"lower_bound":-0.0007112956063021085,"upper_bound":0.05200589082619095},"point_estimate":0.023468598498098014,"standard_error":0.01362087478507691}}