{"mean":{"confidence_interval":{"confidence_level":0.95,"lower_bound":30004348048.75,"upper_bound":30005886997.5},"point_estimate":30005117925.0,"standard_error":394731.19725357887},"median":{"confidence_interval":{"confidence_level":0.95,"lower_bound":30004130500.0,"upper_bound":30006288800.0},"point_estimate":30004969450.0,"standard_error":519383.4268058908},"median_abs_dev":{"confidence_interval":{"confidence_level":0.95,"lower_bound":995714.1423225403,"upper_bound":2846221.299469471},"point_estimate":1956068.2752728462,"standard_error":466983.9814962559},"slope":null,"std_dev":{"confidence_interval":{"confidence_level":0.95,"lower_bound":1261990.5162843508,"upper_bound":2221359.350593224},"point_estimate":1811251.2496454227,"standard_error":245078.97556291672}}