{"mean":{"confidence_interval":{"confidence_level":0.95,"lower_bound":-0.017306491734837306,"upper_bound":-0.011673333713825057},"point_estimate":-0.01420768502636005,"standard_error":0.0014368155873776022},"median":{"confidence_interval":{"confidence_level":0.95,"lower_bound":-0.014255258804863247,"upper_bound":-0.012931056383413853},"point_estimate":-0.013695803437936416,"standard_error":0.0003290488738268159}}