{"mean":{"confidence_interval":{"confidence_level":0.95,"lower_bound":-0.00015000444308570067,"upper_bound":0.0673394015755488},"point_estimate":0.03353103373134925,"standard_error":0.017279626396383484},"median":{"confidence_interval":{"confidence_level":0.95,"lower_bound":0.025574424289071862,"upper_bound":0.07501813322763806},"point_estimate":0.049111457622341925,"standard_error":0.012481749141410384}}