{"mean":{"confidence_interval":{"confidence_level":0.95,"lower_bound":-0.08501762916399887,"upper_bound":0.07305376815018},"point_estimate":-0.018854762426814498,"standard_error":0.04040427731231701},"median":{"confidence_interval":{"confidence_level":0.95,"lower_bound":-0.060840204201577985,"upper_bound":0.017950691126954788},"point_estimate":-0.030658114739954723,"standard_error":0.018611719015789865}}