{"mean":{"confidence_interval":{"confidence_level":0.95,"lower_bound":0.0948349518869307,"upper_bound":0.23702062662481557},"point_estimate":0.1617662131034423,"standard_error":0.03791832244468118},"median":{"confidence_interval":{"confidence_level":0.95,"lower_bound":0.043463558395544055,"upper_bound":0.1342052763083595},"point_estimate":0.0861675112816962,"standard_error":0.02147330733940615}}