{"mean":{"confidence_interval":{"confidence_level":0.95,"lower_bound":-0.048808631126004184,"upper_bound":0.06495113875344263},"point_estimate":0.00816822358770497,"standard_error":0.029091947331387123},"median":{"confidence_interval":{"confidence_level":0.95,"lower_bound":-0.04776571499946008,"upper_bound":0.10553630771277756},"point_estimate":0.04987204676145174,"standard_error":0.0401951148927779}}