{"mean":{"confidence_interval":{"confidence_level":0.95,"lower_bound":13.915844450681202,"upper_bound":13.965346683621513},"point_estimate":13.94747467829031,"standard_error":0.014556744941909798},"median":{"confidence_interval":{"confidence_level":0.95,"lower_bound":13.956646561178422,"upper_bound":13.966506518583309},"point_estimate":13.961662949766284,"standard_error":0.00423179590318552}}