{"mean":{"confidence_interval":{"confidence_level":0.95,"lower_bound":-0.1003503958161358,"upper_bound":-0.028064523284951556},"point_estimate":-0.06392782789746776,"standard_error":0.018472725520772625},"median":{"confidence_interval":{"confidence_level":0.95,"lower_bound":-0.08105428552319283,"upper_bound":-0.030688083588567675},"point_estimate":-0.05943522555624037,"standard_error":0.012954193859334967}}