{"mean":{"confidence_interval":{"confidence_level":0.95,"lower_bound":0.22422557615518085,"upper_bound":63.48806413025136},"point_estimate":28.27197716252151,"standard_error":16.633699804458374},"median":{"confidence_interval":{"confidence_level":0.95,"lower_bound":-0.2651714049958743,"upper_bound":44.48934544528398},"point_estimate":0.1404637955513488,"standard_error":11.812036812279178}}