{"mean":{"confidence_interval":{"confidence_level":0.95,"lower_bound":0.0005482540519623436,"upper_bound":0.003579917686939898},"point_estimate":0.0020469327031800155,"standard_error":0.0007661377797575956},"median":{"confidence_interval":{"confidence_level":0.95,"lower_bound":0.0022019778404813563,"upper_bound":0.0034155314443600204},"point_estimate":0.002784316339669246,"standard_error":0.00030701975009472674}}