{"mean":{"confidence_interval":{"confidence_level":0.95,"lower_bound":-0.07510659532690267,"upper_bound":0.1350971554735348},"point_estimate":0.02456661026824647,"standard_error":0.05334425884509839},"median":{"confidence_interval":{"confidence_level":0.95,"lower_bound":-0.0596489050925194,"upper_bound":0.019572196376613782},"point_estimate":-0.013540331658375093,"standard_error":0.020037672207787065}}