{"mean":{"confidence_interval":{"confidence_level":0.95,"lower_bound":-0.991221061630076,"upper_bound":0.5578104139715392},"point_estimate":-0.9710715426118501,"standard_error":0.5576217930676347},"median":{"confidence_interval":{"confidence_level":0.95,"lower_bound":-0.6065599133596349,"upper_bound":1.4120997839324296},"point_estimate":0.24512329775487673,"standard_error":0.5556988091562763}}