{"mean":{"confidence_interval":{"confidence_level":0.95,"lower_bound":30004064974.875,"upper_bound":30005403311.0},"point_estimate":30004749735.0,"standard_error":341932.2712546761},"median":{"confidence_interval":{"confidence_level":0.95,"lower_bound":30004020250.0,"upper_bound":30005640950.0},"point_estimate":30004837550.0,"standard_error":370816.09365297476},"median_abs_dev":{"confidence_interval":{"confidence_level":0.95,"lower_bound":572335.4808390224,"upper_bound":2521828.4252285957},"point_estimate":1878750.6866455078,"standard_error":504883.0305070642},"slope":null,"std_dev":{"confidence_interval":{"confidence_level":0.95,"lower_bound":1079650.8820787491,"upper_bound":1932261.4079420802},"point_estimate":1569250.4822618177,"standard_error":218996.39196195794}}