{"mean":{"confidence_interval":{"confidence_level":0.95,"lower_bound":-0.08861121890058792,"upper_bound":0.024246073991650418},"point_estimate":-0.03144370862079704,"standard_error":0.028770911429414826},"median":{"confidence_interval":{"confidence_level":0.95,"lower_bound":-0.05298198063982562,"upper_bound":0.0010794853984392727},"point_estimate":-0.031144396685714337,"standard_error":0.013200617881674006}}