{"mean":{"confidence_interval":{"confidence_level":0.95,"lower_bound":916.840541061582,"upper_bound":942.3207086614708},"point_estimate":927.0956078421907,"standard_error":6.664138328550294},"median":{"confidence_interval":{"confidence_level":0.95,"lower_bound":911.4157013298784,"upper_bound":913.4965429934755},"point_estimate":912.0875579868568,"standard_error":0.45625721896534877},"median_abs_dev":{"confidence_interval":{"confidence_level":0.95,"lower_bound":1.7037585549473242,"upper_bound":4.114643925432518},"point_estimate":2.4934391231296162,"standard_error":0.5803244102044176},"slope":{"confidence_interval":{"confidence_level":0.95,"lower_bound":912.4679126900244,"upper_bound":916.1483694455876},"point_estimate":914.0223083539272,"standard_error":0.9485928874970345},"std_dev":{"confidence_interval":{"confidence_level":0.95,"lower_bound":13.68501463207717,"upper_bound":108.80517547906224},"point_estimate":66.91639204442835,"standard_error":27.243372498096356}}