{"mean":{"confidence_interval":{"confidence_level":0.95,"lower_bound":30003425014.875,"upper_bound":30005014340.375},"point_estimate":30004194340.0,"standard_error":405695.41268108337},"median":{"confidence_interval":{"confidence_level":0.95,"lower_bound":30002794150.0,"upper_bound":30005255900.0},"point_estimate":30003656550.0,"standard_error":594222.0865901905},"median_abs_dev":{"confidence_interval":{"confidence_level":0.95,"lower_bound":916246.7837333679,"upper_bound":2852522.349357605},"point_estimate":1803508.7379813194,"standard_error":518937.2255400707},"slope":null,"std_dev":{"confidence_interval":{"confidence_level":0.95,"lower_bound":1290128.3066103756,"upper_bound":2262761.2493457226},"point_estimate":1861312.4089144592,"standard_error":249581.11336193015}}