{"mean":{"confidence_interval":{"confidence_level":0.95,"lower_bound":0.021939029527880727,"upper_bound":0.13497518704525457},"point_estimate":0.0752289508437245,"standard_error":0.029917077982890037},"median":{"confidence_interval":{"confidence_level":0.95,"lower_bound":-0.0034328008161412793,"upper_bound":0.05300188688491492},"point_estimate":0.016236919321355403,"standard_error":0.012752542630402753}}