{"mean":{"confidence_interval":{"confidence_level":0.95,"lower_bound":13.958172831892199,"upper_bound":13.977762646200175},"point_estimate":13.967900083518686,"standard_error":0.005011499082141381},"median":{"confidence_interval":{"confidence_level":0.95,"lower_bound":13.949594882805703,"upper_bound":13.982823275308888},"point_estimate":13.965832828027848,"standard_error":0.00868437273625664}}