{"mean":{"confidence_interval":{"confidence_level":0.95,"lower_bound":-0.000056719764740509325,"upper_bound":0.000014098308393717372},"point_estimate":-0.00002168665485791088,"standard_error":0.000018079021798333464},"median":{"confidence_interval":{"confidence_level":0.95,"lower_bound":-0.00009668915432703429,"upper_bound":0.00003451652936292682},"point_estimate":-0.000029949676927043534,"standard_error":0.00003415976901149046}}