{"mean":{"confidence_interval":{"confidence_level":0.95,"lower_bound":-0.00002554519432521052,"upper_bound":0.00004587354695535506},"point_estimate":0.000010565764472891814,"standard_error":0.00001829104760849276},"median":{"confidence_interval":{"confidence_level":0.95,"lower_bound":-0.00004231936221454902,"upper_bound":0.00007382549724899157},"point_estimate":0.000016563001535851996,"standard_error":0.000029980283411958314}}