{"mean":{"confidence_interval":{"confidence_level":0.95,"lower_bound":10001857419.0,"upper_bound":10002476500.0},"point_estimate":10002154440.0,"standard_error":158490.04421499837},"median":{"confidence_interval":{"confidence_level":0.95,"lower_bound":10001726600.0,"upper_bound":10002510500.0},"point_estimate":10002113650.0,"standard_error":246348.18256457694},"median_abs_dev":{"confidence_interval":{"confidence_level":0.95,"lower_bound":50260.13910770416,"upper_bound":995121.1023330688},"point_estimate":578362.2497320175,"standard_error":214992.01848812637},"slope":null,"std_dev":{"confidence_interval":{"confidence_level":0.95,"lower_bound":295684.0926845181,"upper_bound":687431.0179533976},"point_estimate":528692.2318324717,"standard_error":106280.9633450421}}