{"mean":{"confidence_interval":{"confidence_level":0.95,"lower_bound":-0.037195134481604476,"upper_bound":0.05347904512401211},"point_estimate":0.008032523519525103,"standard_error":0.023175509818891677},"median":{"confidence_interval":{"confidence_level":0.95,"lower_bound":-0.03901702786948308,"upper_bound":0.028860370453548834},"point_estimate":-0.0067777414609832,"standard_error":0.016827489782705773}}