{"mean":{"confidence_interval":{"confidence_level":0.95,"lower_bound":-0.2770534022446464,"upper_bound":0.20844638131993715},"point_estimate":-0.06541638456330401,"standard_error":0.12425380349173046},"median":{"confidence_interval":{"confidence_level":0.95,"lower_bound":-0.20637369653117688,"upper_bound":0.4599735530464857},"point_estimate":0.02835232869002402,"standard_error":0.1817846714617205}}