{"mean":{"confidence_interval":{"confidence_level":0.95,"lower_bound":10001763910.0,"upper_bound":10002500441.25},"point_estimate":10002094530.0,"standard_error":190142.79191163895},"median":{"confidence_interval":{"confidence_level":0.95,"lower_bound":10001655700.0,"upper_bound":10002481050.0},"point_estimate":10001924550.0,"standard_error":163512.47511603375},"median_abs_dev":{"confidence_interval":{"confidence_level":0.95,"lower_bound":81617.12855100632,"upper_bound":856572.1347928047},"point_estimate":342406.4639210701,"standard_error":203382.71841074346},"slope":null,"std_dev":{"confidence_interval":{"confidence_level":0.95,"lower_bound":186969.8158685749,"upper_bound":848596.257946027},"point_estimate":636173.4879557445,"standard_error":176469.05393020326}}