{"mean":{"confidence_interval":{"confidence_level":0.95,"lower_bound":0.0026144344906020825,"upper_bound":0.09108877571017045},"point_estimate":0.04500914496204178,"standard_error":0.02265452065412311},"median":{"confidence_interval":{"confidence_level":0.95,"lower_bound":0.019550600590850564,"upper_bound":0.0512893675225381},"point_estimate":0.035942192512350424,"standard_error":0.00801857221915987}}