{"mean":{"confidence_interval":{"confidence_level":0.95,"lower_bound":-0.0625893996921457,"upper_bound":0.00019894618401120002},"point_estimate":-0.030238366914249637,"standard_error":0.01610212995240661},"median":{"confidence_interval":{"confidence_level":0.95,"lower_bound":-0.022138744387300346,"upper_bound":0.005505677813424592},"point_estimate":-0.0057708070706509185,"standard_error":0.0072097186478769105}}