{"mean":{"confidence_interval":{"confidence_level":0.95,"lower_bound":-0.6001226528926147,"upper_bound":0.6663098742073362},"point_estimate":-0.1431246381080854,"standard_error":0.33641258935421525},"median":{"confidence_interval":{"confidence_level":0.95,"lower_bound":-0.9999225110320556,"upper_bound":8996.583978049659},"point_estimate":-0.0000830238720850307,"standard_error":1817.9846847150268}}