{"mean":{"confidence_interval":{"confidence_level":0.95,"lower_bound":-0.00004374873142228563,"upper_bound":0.00003718254883397496},"point_estimate":-8.179416426168373e-6,"standard_error":0.00002040045347835671},"median":{"confidence_interval":{"confidence_level":0.95,"lower_bound":-0.00006588330808998677,"upper_bound":0.000033298236081336086},"point_estimate":-0.000025743691253743428,"standard_error":0.000025135315804307068}}