{"mean":{"confidence_interval":{"confidence_level":0.95,"lower_bound":-0.5567211840694163,"upper_bound":-0.5548302650297207},"point_estimate":-0.5558976063818107,"standard_error":0.0004814081913901105},"median":{"confidence_interval":{"confidence_level":0.95,"lower_bound":-0.5564660188419392,"upper_bound":-0.5559613228016063},"point_estimate":-0.55617111662529,"standard_error":0.0001370778311602427}}