{"mean":{"confidence_interval":{"confidence_level":0.95,"lower_bound":-0.1468358836498703,"upper_bound":-0.05219518835177418},"point_estimate":-0.09919830052367329,"standard_error":0.024219879286374542},"median":{"confidence_interval":{"confidence_level":0.95,"lower_bound":-0.0550889372698407,"upper_bound":0.013140151716328097},"point_estimate":-0.012916738935250915,"standard_error":0.019237151320575244}}