{"mean":{"confidence_interval":{"confidence_level":0.95,"lower_bound":-0.10548356796644268,"upper_bound":-0.0607981868491595},"point_estimate":-0.08308696824145434,"standard_error":0.011322609433829307},"median":{"confidence_interval":{"confidence_level":0.95,"lower_bound":-0.09852295546880563,"upper_bound":-0.06748849533453498},"point_estimate":-0.08177800405928126,"standard_error":0.00783954148038158}}