{"mean":{"confidence_interval":{"confidence_level":0.95,"lower_bound":-0.0024125481696917854,"upper_bound":0.02662741919821837},"point_estimate":0.008986336312547083,"standard_error":0.007276794930914378},"median":{"confidence_interval":{"confidence_level":0.95,"lower_bound":-0.004057319163535467,"upper_bound":-0.000904027713921618},"point_estimate":-0.002765229898597177,"standard_error":0.0007174974343996624}}