{"mean":{"confidence_interval":{"confidence_level":0.95,"lower_bound":0.6954987113652112,"upper_bound":1.1943975818522925},"point_estimate":0.9262995612404217,"standard_error":0.1290203849683056},"median":{"confidence_interval":{"confidence_level":0.95,"lower_bound":0.3948962094485804,"upper_bound":0.7178028032025718},"point_estimate":0.523765109416453,"standard_error":0.08430186767286937}}