{"mean":{"confidence_interval":{"confidence_level":0.95,"lower_bound":306540.0,"upper_bound":565730.0},"point_estimate":439390.0,"standard_error":66352.49463874956},"median":{"confidence_interval":{"confidence_level":0.95,"lower_bound":173000.0,"upper_bound":635600.0},"point_estimate":507450.0,"standard_error":130346.32518001796},"median_abs_dev":{"confidence_interval":{"confidence_level":0.95,"lower_bound":25278.32955121994,"upper_bound":347669.6938276291},"point_estimate":238402.0757675171,"standard_error":99338.0085014837},"slope":null,"std_dev":{"confidence_interval":{"confidence_level":0.95,"lower_bound":138945.51290184062,"upper_bound":251904.46061484856},"point_estimate":221375.07362443095,"standard_error":29170.828255218283}}