{"mean":{"confidence_interval":{"confidence_level":0.95,"lower_bound":-0.210712132163927,"upper_bound":-0.10552317774580022},"point_estimate":-0.1591565041820071,"standard_error":0.02688923845074903},"median":{"confidence_interval":{"confidence_level":0.95,"lower_bound":-0.18693288976096584,"upper_bound":-0.13175949267056286},"point_estimate":-0.16786040688459813,"standard_error":0.014589511857925348}}