{"mean":{"confidence_interval":{"confidence_level":0.95,"lower_bound":-0.04572855430485353,"upper_bound":-0.03424711516925174},"point_estimate":-0.03971789685223159,"standard_error":0.002924529703566414},"median":{"confidence_interval":{"confidence_level":0.95,"lower_bound":-0.054268263754068236,"upper_bound":-0.043134463877986216},"point_estimate":-0.04782014719718808,"standard_error":0.003210169049704681}}