{"mean":{"confidence_interval":{"confidence_level":0.95,"lower_bound":-0.12411159510624206,"upper_bound":0.07143772984192666},"point_estimate":-0.01605866397067257,"standard_error":0.05146038991010302},"median":{"confidence_interval":{"confidence_level":0.95,"lower_bound":0.05272746114874649,"upper_bound":0.11839515199328132},"point_estimate":0.09280076080976452,"standard_error":0.01699299504433625}}