{"mean":{"confidence_interval":{"confidence_level":0.95,"lower_bound":48965.37615899515,"upper_bound":53736.67831466316},"point_estimate":51192.98999380025,"standard_error":1219.4412664847796},"median":{"confidence_interval":{"confidence_level":0.95,"lower_bound":46084.98698763826,"upper_bound":49244.52380952381},"point_estimate":47209.789799402475,"standard_error":743.9644042189757},"median_abs_dev":{"confidence_interval":{"confidence_level":0.95,"lower_bound":4615.239982172133,"upper_bound":7908.185400111082},"point_estimate":6054.562467285958,"standard_error":840.218509140152},"slope":{"confidence_interval":{"confidence_level":0.95,"lower_bound":45800.375469506675,"upper_bound":49378.68782122418},"point_estimate":47398.042526640726,"standard_error":912.1824025513696},"std_dev":{"confidence_interval":{"confidence_level":0.95,"lower_bound":8229.12994659329,"upper_bound":16086.760072411089},"point_estimate":12263.48381184546,"standard_error":2035.2607245217353}}