{"mean":{"confidence_interval":{"confidence_level":0.95,"lower_bound":11604.411507010029,"upper_bound":12535.025428796112},"point_estimate":12041.575454617134,"standard_error":238.00999699312322},"median":{"confidence_interval":{"confidence_level":0.95,"lower_bound":10876.770613107823,"upper_bound":11251.614152892562},"point_estimate":11031.433284457478,"standard_error":95.75663580811424},"median_abs_dev":{"confidence_interval":{"confidence_level":0.95,"lower_bound":549.8676891015338,"upper_bound":1141.084448429943},"point_estimate":818.136124952593,"standard_error":143.68310521609683},"slope":{"confidence_interval":{"confidence_level":0.95,"lower_bound":11465.030948143441,"upper_bound":12690.119005551509},"point_estimate":12037.506545803833,"standard_error":314.4129889417191},"std_dev":{"confidence_interval":{"confidence_level":0.95,"lower_bound":1667.6238768919836,"upper_bound":3041.954326839685},"point_estimate":2392.232660209604,"standard_error":351.84196000979756}}