{"mean":{"confidence_interval":{"confidence_level":0.95,"lower_bound":-0.005958694381068491,"upper_bound":0.10366851608242657},"point_estimate":0.04573035132772518,"standard_error":0.028224033068902747},"median":{"confidence_interval":{"confidence_level":0.95,"lower_bound":-0.04275470636653611,"upper_bound":0.042814504973864305},"point_estimate":-0.0067285930943541405,"standard_error":0.021344292595720377}}