{"mean":{"confidence_interval":{"confidence_level":0.95,"lower_bound":-0.09390955814880908,"upper_bound":0.04351858706360446},"point_estimate":-0.028382410172799855,"standard_error":0.03514817036915982},"median":{"confidence_interval":{"confidence_level":0.95,"lower_bound":-0.05593184145872765,"upper_bound":-0.020645282556000066},"point_estimate":-0.042288518032919886,"standard_error":0.00971286995453876}}